id,title,score,created_datetime,created_date,title_word_count
1kg5xvh,PyCon US 2025 is next week!,13,2025-05-06 20:00:48,2025-05-06,6
1kix1lf,Saturday Daily Thread: Resource Request and Sharing! Daily Thread,2,2025-05-10 05:30:33,2025-05-10,9
1kjdt6n,I fully developed and deployed my first website!,26,2025-05-10 21:39:11,2025-05-10,8
1kjfvdm,Loadouts for Genshin Impact v0.1.8 is OUT NOW with support for Genshin Impact v5.6 Phase 1,6,2025-05-10 23:12:28,2025-05-10,16
1kitdld,JetBrains will no longer provide binary builds of PyCharm Community Edition after version 2025.2,224,2025-05-10 02:37:23,2025-05-09,14
1kjgf15,pypi package to make data validation easier - framecheck,5,2025-05-10 23:36:33,2025-05-10,9
1kjdli4,HawkUptime Monitor,3,2025-05-10 21:29:46,2025-05-10,2
1kj74a3,Created a Ping Pong game and would love feedback,5,2025-05-10 15:56:23,2025-05-10,9
1kj77lt,WASIC - Pyvisa integration with streamlit,2,2025-05-10 16:02:47,2025-05-10,6
1kj0bq0,Introducing Score Margins in OpenSkill MMR,8,2025-05-10 08:26:43,2025-05-10,6
1kiseo7,I made a Vim Game in Python,16,,,7
1kipwie,Easiest way to determine in Python that a string represents a valid TCL code?,18,2025-05-10 00:09:17,2025-05-09,14
1kie6uw,Every script can become a web app with no effort.,59,2025-05-09 14:49:56,2025-05-09,10
1kjae0r,Export draw with turtle,0,2025-05-10 19:02:11,2025-05-10,4
1ki1qem,"TIL that a function with 'yield' will return a generator, even if the 'yield' is conditional",383,2025-05-09 02:56:14,2025-05-08,16
1kj8ffg,What do you easily program that is useful?,0,2025-05-10 17:20:08,2025-05-10,8
1kif0pz,"I feel stuck, books recommendations?",15,2025-05-09 15:48:03,2025-05-09,5
1kj27wa,Codigo: a programming language repository,0,2025-05-10 10:17:30,2025-05-10,5
1kj4vk4,SignalwÃ¶rter Textaufgabe zu Code/ Sprache zu Code,0,2025-05-10 13:15:06,2025-05-10,7
1kie6tn,"I built cutieAPI, a Python CLI tool for interactive API testing with a Rich TUI.",6,2025-05-09 14:49:52,2025-05-09,15
1kj3z3i,Recommend me please,0,2025-05-10 12:12:27,2025-05-10,3
1kizu36,Switching languages,0,2025-05-10 07:58:50,2025-05-10,2
1kijxt2,Is there an open source Python code available for Background Removal from Images?,0,2025-05-09 20:01:58,2025-05-09,13
1kijlje,I made Youtube Comment Scraper With Selenium (Undetected Webdriver),0,2025-05-09 19:47:26,2025-05-09,9
1kikit4,I Made a YouTube Playlist Timer,0,2025-05-09 20:26:20,2025-05-09,6
1ki537m,Friday Daily Thread: r/Python Meta and Free-Talk Fridays,6,2025-05-09 05:31:03,2025-05-09,8
1kgzxs0,"Ty: An extremely fast Python type checker and language server, written in Rust.",683,2025-05-07 20:47:55,2025-05-07,13
1kih2m4,Should I switch to PyCharm Pro now that it has Jupyter Notebook support and Junie the coding agent?,0,2025-05-09 17:48:49,2025-05-09,18
1kh3uz7,I actually used Python practically the first time today!,302,2025-05-07 23:24:51,2025-05-07,9
1khjfmo,simplesi - a units-aware package for engineers,24,2025-05-08 12:01:15,2025-05-08,7
1khkp3h,Background removal fine tuned for profile pictures,7,2025-05-08 13:32:15,2025-05-08,7
1kh0xh1,The future of Textualize,125,2025-05-07 21:28:04,2025-05-07,4
1khm3u6,Vehicle dynamics,2,2025-05-08 15:16:54,2025-05-08,2
1kgxv1x,What are your favorite Python libraries for quick & clean visualizations?,111,2025-05-07 19:20:45,2025-05-07,11
1ki0fr2,I made a Automation Program using Python and I don't know what to do with it?,0,2025-05-09 02:02:05,2025-05-08,16
1khchg7,"Thursday Daily Thread: Python Careers, Courses, and Furthering Education!",3,2025-05-08 05:30:31,2025-05-08,9
1kh0l0w,I wrote a lightweight image classification library for local ML datasets,10,2025-05-07 21:13:57,2025-05-07,11
1kg9q8b,I built my own asyncio to understand how async I/O works under the hood,318,2025-05-06 22:33:22,2025-05-06,14
1kgvt41,"Building a text editor called Textra - With tabs, themes, customization and more",9,2025-05-07 17:43:12,2025-05-07,13
1khiznt,Just a Python Tool!,0,2025-05-08 11:31:06,2025-05-08,4
1kh0lbr,Orbital for Python released,2,2025-05-07 21:14:18,2025-05-07,4
1khj0kc,need ur kind advice pythonistsss,0,2025-05-08 11:32:39,2025-05-08,5
1kggyg0,"Tuples vs Dataclass (and friends) comparison operator, tuples 3x faster",41,2025-05-07 03:26:56,2025-05-06,10
1kg3c2v,Introducing SQL-tString; a t-string based SQL builder,107,2025-05-06 18:04:13,2025-05-06,7
1kg99nr,jstreams Python framework,43,2025-05-06 22:15:00,2025-05-06,3
1khdfdv,Where to begin to learn crypto based coding,0,2025-05-08 06:17:01,2025-05-08,8
1kg7yrd,pysnmp UdpTransportTarget when set the particular nic does not work,36,2025-05-06 21:22:35,2025-05-06,10
1kgjogw,Wednesday Daily Thread: Beginner questions,7,2025-05-07 05:30:30,2025-05-07,5
1kgmk9m,Looking For Group Discord Bot Made With Pycord,6,2025-05-07 07:57:03,2025-05-07,8
1kgzdc7,What's the most common Python error you run into? (posted without being sleep deprived now),0,2025-05-07 20:25:21,2025-05-07,15
1kgaqbt,"Kemono Downloader v2.0 â€“ A PyQt5-based GUI for threaded, filtered media downloads",7,2025-05-06 23:13:07,2025-05-06,12
1kg2b2p,Cogitator - A Python Toolkit for Chain-of-Thought Prompting,14,2025-05-06 17:10:49,2025-05-06,8
1kgte01,Why did Python 3.14.0b1 did not release?,0,2025-05-07 15:18:41,2025-05-07,7
1kgqjzb,I built a simple Python runner for beginners â€“ run code in chunks and learn step by step,0,2025-05-07 11:53:04,2025-05-07,18
1kgon7h,Pyarmor + Nuitka | Is IT hard to Reverse engineer?,0,2025-05-07 09:50:59,2025-05-07,10
1kfksn1,"strif: A tiny, useful Python lib of string, file, and object utilities",97,2025-05-06 01:09:02,2025-05-05,12
1kfinsq,uv-version-bumper â€“ Simple version bumping & tagging for Python projects using uv,45,2025-05-05 23:44:44,2025-05-05,12
1kgi1co,Python as a side hustle,0,2025-05-07 04:13:54,2025-05-06,5
1kfqwcv,Tuesday Daily Thread: Advanced questions,5,2025-05-06 05:30:29,2025-05-06,5
1kg2pif,2D SVG design convert into 3d mockups,0,2025-05-06 17:32:14,2025-05-06,7
1kg2ycg,"ðŸŽ¯ New Telegram Channel for Python Job Seekers â€” @talentojobs (Worldwide, Remote, Onsite)",0,2025-05-06 17:44:50,2025-05-06,13
1kfk2i8,Logfire-callback: observability for Hugging Face Transformers training,1,2025-05-06 00:40:30,2025-05-05,7
1kew6fz,ðŸš€ Introducing TkRouter â€” Declarative Routing for Tkinter,77,2025-05-05 03:54:40,2025-05-04,8
1kf641m,Read pdf as html,5,2025-05-05 13:26:53,2025-05-05,4
1kfup52,[Hiring] Full stack dev with REACT Js & Django Experience,0,2025-05-06 08:44:01,2025-05-06,10
1kf640j,Read pdf as html,1,2025-05-05 13:26:49,2025-05-05,4
1kf4rlf,Any repo on learning pywebview bundling for Mac,0,2025-05-05 11:49:02,2025-05-05,8
1key6k7,Monday Daily Thread: Project ideas!,3,2025-05-05 05:30:28,2025-05-05,5
1kefrsj,"AsyncMQ â€“ Async-native task queue for Python with Redis, retries, TTL, job events, and CLI support",38,2025-05-04 14:53:47,2025-05-04,16
1kei45r,Django firefly tasks - simple and easy to use background tasks in Django,20,2025-05-04 17:27:54,2025-05-04,13
1kdui8w,"After #ruff and #uv, #astral announced their next tool for the python ecosystem",586,2025-05-03 20:10:18,2025-05-03,13
1kf94k7,Asyncio for network,0,2025-05-05 16:50:49,2025-05-05,3
1kemn5p,Manim Layout Manager Ideas,6,2025-05-04 21:05:28,2025-05-04,4
1keaeft,Best way to install python package with all its dependencies on an offline pc.,33,2025-05-04 08:53:17,2025-05-04,14
1kfalrw,Are python backend developers paid good in india?,0,2025-05-05 18:09:46,2025-05-05,8
1keblmk,DVD Bouncing Animation,26,2025-05-04 10:05:28,2025-05-04,3
1kf29oy,Apk for sports forecasts,0,2025-05-05 09:09:23,2025-05-05,4
1kdyje1,IÂ´d like to read your experience,31,2025-05-03 23:09:18,2025-05-03,6
1ke56y7,Adding Reactivity to Jupyter Notebooks with reaktiv,12,2025-05-04 04:11:45,2025-05-03,7
1ke6s0y,Sunday Daily Thread: What's everyone working on this week?,7,2025-05-04 05:30:31,2025-05-04,9
1kdx45g,"Arkalos Beta 5 - Dashboards, JSONL Logs, Crawling, Deployment, Fullstack FastAPI+React framework",5,2025-05-03 22:07:00,2025-05-03,12
1ke5tcr,"Python learning App - 1,000 Exercises (UPDATE)",2,2025-05-04 04:42:37,2025-05-03,7
1kdroea,How go about with modular monolithic architecture,2,2025-05-03 17:50:56,2025-05-03,7
1kd4aib,ETL template with clean architecture,96,2025-05-02 21:18:29,2025-05-02,5
1kdgumc,I built a PySpark data validation framework to replace PyDeequ â€” feedback welcome,8,2025-05-03 06:30:30,2025-05-03,13
1kd6ci0,"PgQueuer â€“ PostgreSQL-native job & schedule queue, gathering ideas for 1.0 ðŸŽ¯",29,2025-05-02 22:43:25,2025-05-02,12
1kdzyq5,Battle of the AI Code Assistants: Who Writes the Best Python Integration Code?,0,2025-05-04 00:10:48,2025-05-03,13
1kd7dg1,"Long-form, technical content on Stack Overflow? Survey from Stack Overflow",11,2025-05-02 23:25:44,2025-05-02,10
1kdfo8x,Saturday Daily Thread: Resource Request and Sharing! Daily Thread,2,2025-05-03 05:30:31,2025-05-03,9
1kcumjf,I just published an update for my articles on Python packaging (PEP 751) and some remaining issues,35,2025-05-02 12:22:59,2025-05-02,17
1kch7hf,Template strings in Python 3.14: an useful new feature or just an extra syntax?,164,2025-05-02 00:52:30,2025-05-01,14
1kclan0,I Made AI Powered Bulk Background Remover,60,2025-05-02 03:47:41,2025-05-01,7
1kcspp7,RunCE (Run Once Process Manager),12,2025-05-02 10:15:29,2025-05-02,5
1kco45y,Looking for intermediate/advanced level python courses for data analytics,22,2025-05-02 06:02:10,2025-05-02,9
1kdbtgq,"Built a Private AI Assistant Using Mistral + Ollama â€” Runs Offline, Fully Customizable",0,2025-05-03 02:34:22,2025-05-02,14
1kcnhrk,Friday Daily Thread: r/Python Meta and Free-Talk Fridays,6,2025-05-02 05:30:57,2025-05-02,8
1kc3vk6,Syd: A package for making GUIs in python easy peasy,96,2025-05-01 14:07:11,2025-05-01,10
1kc527j,Simulink open source alternative bdedit and bdsim....and better alternative?,49,2025-05-01 15:33:12,2025-05-01,9
1kcbepg,Pytocpp: A toy transpiler from a subset of Python to C++,5,2025-05-01 20:53:00,2025-05-01,11
